{"w": 1191, "h": 1684, "words": [{"x": 578.02001953125, "y": 1557.0556640625, "w": 35.6370849609375, "h": 28.461181640625, "t": "388"}]}